,precision,recall,f1-score,support
-1.0,0.6193317422434368,0.8811544991511036,0.7274001401541695,589.0
1.0,0.6846846846846847,0.3227176220806794,0.4386724386724386,471.0
accuracy,0.6330188679245283,0.6330188679245283,0.6330188679245283,0.6330188679245283
macro avg,0.6520082134640608,0.6019360606158914,0.5830362894133041,1060.0
weighted avg,0.6483706440262932,0.6330188679245283,0.599106982231627,1060.0
