,precision,recall,f1-score,support
-1.0,0.38420107719928187,0.35313531353135313,0.36801375752364573,606.0
1.0,0.220675944333996,0.2444933920704846,0.23197492163009403,454.0
accuracy,0.30660377358490565,0.30660377358490565,0.30660377358490565,0.30660377358490565
macro avg,0.30243851076663897,0.29881435280091884,0.2999943395768699,1060.0
weighted avg,0.31416295425509344,0.30660377358490565,0.3097480674333887,1060.0
