,precision,recall,f1-score,support
-1.0,0.5930372148859544,0.8868940754039497,0.7107913669064747,557.0
1.0,0.7224669603524229,0.3260437375745527,0.4493150684931506,503.0
accuracy,0.620754716981132,0.620754716981132,0.620754716981132,0.620754716981132
macro avg,0.6577520876191887,0.6064689064892512,0.5800532176998127,1060.0
weighted avg,0.6544552922157975,0.620754716981132,0.5867134630367559,1060.0
