,precision,recall,f1-score,support
-1.0,0.33612040133779264,0.3608617594254937,0.34805194805194806,557.0
1.0,0.22943722943722944,0.21073558648111332,0.21968911917098444,503.0
accuracy,0.28962264150943395,0.28962264150943395,0.28962264150943395,0.28962264150943395
macro avg,0.28277881538751104,0.2857986729533035,0.28387053361146625,1060.0
weighted avg,0.2854962169359216,0.28962264150943395,0.28714015283767946,1060.0
