,precision,recall,f1-score,support
-1.0,0.3257042253521127,0.3211805555555556,0.3234265734265734,576.0
1.0,0.20528455284552846,0.20867768595041322,0.2069672131147541,484.0
accuracy,0.269811320754717,0.269811320754717,0.269811320754717,0.269811320754717
macro avg,0.26549438909882056,0.2649291207529844,0.26519689327066376,1060.0
weighted avg,0.2707201484717478,0.269811320754717,0.2702507900389125,1060.0
