,precision,recall,f1-score,support
-1.0,0.5587229190421893,0.8085808580858086,0.6608226567768039,606.0
1.0,0.366120218579235,0.14757709251101322,0.2103610675039247,454.0
accuracy,0.5254716981132076,0.5254716981132076,0.5254716981132076,0.5254716981132076
macro avg,0.46242156881071217,0.4780789752984109,0.43559186214036427,1060.0
weighted avg,0.47623081903258435,0.5254716981132076,0.46788910816370277,1060.0
