,precision,recall,f1-score,support
-1.0,0.3838209982788296,0.3704318936877076,0.37700760777683856,602.0
1.0,0.20876826722338204,0.2183406113537118,0.21344717182497333,458.0
accuracy,0.30471698113207546,0.30471698113207546,0.30471698113207546,0.30471698113207546
macro avg,0.2962946327511058,0.2943862525207097,0.29522738980090596,1060.0
weighted avg,0.30818500693600415,0.30471698113207546,0.3063371552617874,1060.0
