,precision,recall,f1-score,support
-1.0,0.3892733564013841,0.37375415282392027,0.3813559322033898,602.0
1.0,0.21784232365145229,0.2292576419213974,0.22340425531914893,458.0
accuracy,0.3113207547169811,0.3113207547169811,0.3113207547169811,0.3113207547169811
macro avg,0.30355784002641817,0.3015058973726588,0.3023800937612694,1060.0
weighted avg,0.3152022120622626,0.3113207547169811,0.31310888690812344,1060.0
