,precision,recall,f1-score,support
-1.0,0.6192214111922141,0.8730703259005146,0.7245551601423488,583.0
1.0,0.6890756302521008,0.3438155136268344,0.4587412587412587,477.0
accuracy,0.6349056603773585,0.6349056603773585,0.6349056603773585,0.6349056603773585
macro avg,0.6541485207221575,0.6084429197636745,0.5916482094418037,1060.0
weighted avg,0.6506558097691632,0.6349056603773585,0.6049389045118582,1060.0
