,precision,recall,f1-score,support
-1.0,0.8792270531400966,0.9462738301559792,0.9115191986644408,577.0
1.0,0.929384965831435,0.84472049689441,0.8850325379609545,483.0
accuracy,0.9,0.9,0.9,0.9
macro avg,0.9043060094857658,0.8954971635251946,0.8982758683126977,1060.0
weighted avg,0.9020820265645461,0.9,0.8994502768533238,1060.0
