,precision,recall,f1-score,support
-1.0,0.42408376963350786,0.400990099009901,0.41221374045801523,606.0
1.0,0.2546201232032854,0.27312775330396477,0.2635494155154091,454.0
accuracy,0.3462264150943396,0.3462264150943396,0.3462264150943396,0.3462264150943396
macro avg,0.3393519464183966,0.3370589261569329,0.33788157798671214,1060.0
weighted avg,0.3515021701247145,0.3462264150943396,0.3485405295863707,1060.0
