,precision,recall,f1-score,support
-1.0,0.3873720136518771,0.3940972222222222,0.3907056798623063,576.0
1.0,0.26371308016877637,0.25826446280991733,0.2609603340292276,484.0
accuracy,0.3320754716981132,0.3320754716981132,0.3320754716981132,0.3320754716981132
macro avg,0.32554254691032675,0.32618084251606977,0.32583300694576695,1060.0
weighted avg,0.3309088779860085,0.3320754716981132,0.331463465349844,1060.0
