,precision,recall,f1-score,support
-1.0,0.43079584775086505,0.41362126245847175,0.4220338983050848,602.0
1.0,0.2676348547717842,0.2816593886462882,0.274468085106383,458.0
accuracy,0.35660377358490564,0.35660377358490564,0.35660377358490564,0.35660377358490564
macro avg,0.34921535126132464,0.34764032555238,0.3482509917057339,1060.0
weighted avg,0.36029798474669616,0.35660377358490564,0.35827432996074005,1060.0
