,precision,recall,f1-score,support
-1.0,0.6278240190249703,0.8770764119601329,0.7318087318087317,602.0
1.0,0.6621004566210046,0.3165938864628821,0.42836041358936483,458.0
accuracy,0.6349056603773585,0.6349056603773585,0.6349056603773585,0.6349056603773585
macro avg,0.6449622378229874,0.5968351492115075,0.5800845726990482,1060.0
weighted avg,0.6426340269674078,0.6349056603773585,0.6006961565780997,1060.0
