,precision,recall,f1-score,support
-1.0,0.5574650912996778,0.8902229845626072,0.6856010568031704,583.0
1.0,0.5038759689922481,0.13626834381551362,0.2145214521452145,477.0
accuracy,0.5509433962264151,0.5509433962264151,0.5509433962264151,0.5509433962264151
macro avg,0.5306705301459629,0.5132456641890604,0.45006125447419243,1060.0
weighted avg,0.5333499862613345,0.5509433962264151,0.4736152347070902,1060.0
