,precision,recall,f1-score,support
-1.0,0.3727422003284072,0.3893653516295026,0.38087248322147654,583.0
1.0,0.2106430155210643,0.19916142557651992,0.20474137931034486,477.0
accuracy,0.30377358490566037,0.30377358490566037,0.30377358490566037,0.30377358490566037
macro avg,0.2916926079247357,0.29426338860301127,0.29280693126591073,1060.0
weighted avg,0.2997975671651029,0.30377358490566037,0.3016134864614673,1060.0
