,precision,recall,f1-score,support
-1.0,0.40619621342512907,0.4097222222222222,0.4079515989628349,576.0
1.0,0.29018789144050106,0.2871900826446281,0.28868120456905505,484.0
accuracy,0.35377358490566035,0.35377358490566035,0.35377358490566035,0.35377358490566035
macro avg,0.34819205243281504,0.34845615243342515,0.34831640176594497,1060.0
weighted avg,0.3532263758396952,0.35377358490566035,0.353492286805675,1060.0
