,precision,recall,f1-score,support
-1.0,0.5556603773584906,1.0,0.7143723468768951,589.0
1.0,0.0,0.0,0.0,471.0
accuracy,0.5556603773584906,0.5556603773584906,0.5556603773584906,0.5556603773584906
macro avg,0.2778301886792453,0.5,0.35718617343844755,1060.0
weighted avg,0.30875845496618015,0.5556603773584906,0.39694840784008606,1060.0
