,precision,recall,f1-score,support
-1.0,0.3741721854304636,0.40574506283662476,0.38931955211024977,557.0
1.0,0.2741228070175439,0.2485089463220676,0.26068821689259647,503.0
accuracy,0.3311320754716981,0.3311320754716981,0.3311320754716981,0.3311320754716981
macro avg,0.32414749622400374,0.3271270045793462,0.32500388450142315,1060.0
weighted avg,0.3266959237873517,0.3311320754716981,0.328280343039986,1060.0
