,precision,recall,f1-score,support
-1.0,0.3771331058020478,0.3830155979202773,0.38005159071367145,577.0
1.0,0.2489451476793249,0.2443064182194617,0.24660397074190177,483.0
accuracy,0.31981132075471697,0.31981132075471697,0.31981132075471697,0.31981132075471697
macro avg,0.31303912674068635,0.3136610080698695,0.3133277807277866,1060.0
weighted avg,0.31872293243103345,0.31981132075471697,0.31924479783974247,1060.0
