,precision,recall,f1-score,support
-1.0,0.9079159935379645,0.9541595925297114,0.9304635761589404,589.0
1.0,0.9387755102040817,0.8789808917197452,0.9078947368421053,471.0
accuracy,0.9207547169811321,0.9207547169811321,0.9207547169811321,0.9207547169811321
macro avg,0.9233457518710231,0.9165702421247284,0.9191791565005228,1060.0
weighted avg,0.9216280995282863,0.9207547169811321,0.9204353466134411,1060.0
