,precision,recall,f1-score,support
-1.0,0.41025641025641024,0.4074702886247878,0.40885860306643956,589.0
1.0,0.26526315789473687,0.267515923566879,0.26638477801268506,471.0
accuracy,0.3452830188679245,0.3452830188679245,0.3452830188679245,0.3452830188679245
macro avg,0.33775978407557355,0.3374931060958334,0.3376216905395623,1060.0
weighted avg,0.34583016321645915,0.3452830188679245,0.3455518374057619,1060.0
