,precision,recall,f1-score,support
-1.0,0.5683371298405467,0.8289036544850499,0.6743243243243244,602.0
1.0,0.4340659340659341,0.17248908296943233,0.246875,458.0
accuracy,0.5452830188679245,0.5452830188679245,0.5452830188679245,0.5452830188679245
macro avg,0.5012015319532404,0.5006963687272411,0.4605996621621622,1060.0
weighted avg,0.5103218395907613,0.5452830188679245,0.48963395588985215,1060.0
