,precision,recall,f1-score,support
-1.0,0.5563674321503131,0.9253472222222222,0.6949152542372881,576.0
1.0,0.5784313725490197,0.12190082644628099,0.20136518771331058,484.0
accuracy,0.5584905660377358,0.5584905660377358,0.5584905660377358,0.5584905660377358
macro avg,0.5673994023496665,0.5236240243342516,0.4481402209752993,1060.0
weighted avg,0.566441910596515,0.5584905660377358,0.4695584314093587,1060.0
