,precision,recall,f1-score,support
-1.0,0.8795379537953796,0.9569120287253142,0.9165950128976785,557.0
1.0,0.947136563876652,0.8548707753479126,0.8986415882967607,503.0
accuracy,0.9084905660377358,0.9084905660377358,0.9084905660377358,0.9084905660377358
macro avg,0.9133372588360158,0.9058914020366133,0.9076183005972196,1060.0
weighted avg,0.9116154074471533,0.9084905660377358,0.9080756048087524,1060.0
