,precision,recall,f1-score,support
-1.0,0.4203935599284436,0.40308747855917665,0.41155866900175125,583.0
1.0,0.30538922155688625,0.32075471698113206,0.3128834355828221,477.0
accuracy,0.3660377358490566,0.3660377358490566,0.3660377358490566,0.3660377358490566
macro avg,0.36289139074266497,0.36192109777015435,0.3622210522922867,1060.0
weighted avg,0.3686416076612428,0.3660377358490566,0.3671548139632332,1060.0
