,precision,recall,f1-score,support
-1.0,0.41335740072202165,0.3778877887788779,0.39482758620689656,606.0
1.0,0.2549407114624506,0.2841409691629956,0.26875000000000004,454.0
accuracy,0.33773584905660375,0.33773584905660375,0.33773584905660375,0.33773584905660375
macro avg,0.3341490560922361,0.3310143789709368,0.33178879310344833,1060.0
weighted avg,0.3455072338127337,0.33773584905660375,0.3408283181522446,1060.0
