,precision,recall,f1-score,support
-1.0,0.34285714285714286,0.32597623089983024,0.33420365535248037,589.0
1.0,0.206,0.21868365180467092,0.2121524201853759,471.0
accuracy,0.2783018867924528,0.2783018867924528,0.2783018867924528,0.2783018867924528
macro avg,0.2744285714285714,0.2723299413522506,0.27317803776892813,1060.0
weighted avg,0.28204609164420485,0.2783018867924528,0.27997145557539904,1060.0
