,precision,recall,f1-score,support
-1.0,0.8939873417721519,0.9385382059800664,0.9157212317666127,602.0
1.0,0.9135514018691588,0.8537117903930131,0.8826185101580135,458.0
accuracy,0.9018867924528302,0.9018867924528302,0.9018867924528302,0.9018867924528302
macro avg,0.9037693718206554,0.8961249981865398,0.899169870962313,1060.0
weighted avg,0.9024404922668964,0.9018867924528302,0.9014183577130859,1060.0
