,precision,recall,f1-score,support
-1.0,0.8955696202531646,0.933993399339934,0.91437802907916,606.0
1.0,0.9065420560747663,0.8546255506607929,0.8798185941043084,454.0
accuracy,0.9,0.9,0.9,0.9
macro avg,0.9010558381639655,0.8943094750003635,0.8970983115917341,1060.0
weighted avg,0.9002691352182657,0.9,0.89957615787295,1060.0
