,precision,recall,f1-score,support
-1.0,0.6028537455410226,0.878682842287695,0.7150916784203104,577.0
1.0,0.680365296803653,0.3084886128364389,0.42450142450142453,483.0
accuracy,0.6188679245283019,0.6188679245283019,0.6188679245283019,0.6188679245283019
macro avg,0.6416095211723378,0.593585727562067,0.5697965514608675,1060.0
weighted avg,0.6381726882389948,0.6188679245283019,0.5826812136629312,1060.0
