,precision,recall,f1-score,support
-1.0,0.3869346733668342,0.4003466204506066,0.39352640545144807,577.0
1.0,0.2526997840172786,0.2422360248447205,0.24735729386892177,483.0
accuracy,0.3283018867924528,0.3283018867924528,0.3283018867924528,0.3283018867924528
macro avg,0.3198172286920564,0.3212913226476636,0.3204418496601849,1060.0
weighted avg,0.32576915303114046,0.3283018867924528,0.3269229329095988,1060.0
