,precision,recall,f1-score,support
-1.0,0.639225181598063,0.8712871287128713,0.7374301675977654,606.0
1.0,0.6666666666666666,0.3436123348017621,0.45348837209302334,454.0
accuracy,0.6452830188679245,0.6452830188679245,0.6452830188679245,0.6452830188679245
macro avg,0.6529459241323647,0.6074497317573166,0.5954592698453943,1060.0
weighted avg,0.6509784214293328,0.6452830188679245,0.6158173608438475,1060.0
