,precision,recall,f1-score,support
-1.0,0.8615863141524106,0.9502572898799314,0.903752039151713,583.0
1.0,0.9304556354916067,0.8134171907756813,0.8680089485458613,477.0
accuracy,0.8886792452830189,0.8886792452830189,0.8886792452830189,0.8886792452830189
macro avg,0.8960209748220087,0.8818372403278063,0.8858804938487872,1060.0
weighted avg,0.8925775087550488,0.8886792452830189,0.8876676483790797,1060.0
