,precision,recall,f1-score,support
-1.0,0.5454545454545454,0.9694793536804309,0.698125404007757,557.0
1.0,0.7571428571428571,0.10536779324055666,0.1849912739965096,503.0
accuracy,0.559433962264151,0.559433962264151,0.559433962264151,0.559433962264151
macro avg,0.6512987012987013,0.5374235734604937,0.4415583390021333,1060.0
weighted avg,0.645906640529282,0.559433962264151,0.45462873665336323,1060.0
