,precision,recall,f1-score,support
-1.0,0.5457380457380457,0.9098786828422877,0.682261208576998,577.0
1.0,0.46938775510204084,0.09523809523809523,0.15834767641996558,483.0
accuracy,0.5386792452830189,0.5386792452830189,0.5386792452830189,0.5386792452830189
macro avg,0.5075629004200433,0.5025583890401915,0.4203044424984818,1060.0
weighted avg,0.5109482434954133,0.5386792452830189,0.4435345708111049,1060.0
