,precision,recall,f1-score,support
-1.0,0.37458745874587457,0.40754039497307004,0.3903697334479793,557.0
1.0,0.27312775330396477,0.24652087475149106,0.25914315569487983,503.0
accuracy,0.3311320754716981,0.3311320754716981,0.3311320754716981,0.3311320754716981
macro avg,0.32385760602491964,0.32703063486228057,0.3247564445714296,1060.0
weighted avg,0.326441957012591,0.3311320754716981,0.3280990083443859,1060.0
