,precision,recall,f1-score,support
-1.0,0.41216216216216217,0.4142614601018676,0.41320914479254867,589.0
1.0,0.26282051282051283,0.2611464968152866,0.2619808306709265,471.0
accuracy,0.3462264150943396,0.3462264150943396,0.3462264150943396,0.3462264150943396
macro avg,0.33749133749133753,0.33770397845857714,0.3375949877317376,1060.0
weighted avg,0.34580375004903313,0.3462264150943396,0.3460124127630354,1060.0
