CV,scores,avg_score
2,[0.87132075 0.86641509],0.8688679245283019
5,[0.85754717 0.88301887 0.86415094 0.87169811 0.87358491],0.8699999999999999
10,[0.86415094 0.86981132 0.89245283 0.88679245 0.88301887 0.85283019 0.86603774 0.88867925 0.87735849 0.88867925],0.8769811320754718