epoch,accuracy,loss,val_accuracy,val_loss
0,0.8120333552360535,0.6059756875038147,0.9394999742507935,0.2073693871498108
1,0.9121000170707703,0.29424232244491577,0.9592000246047974,0.1430576592683792
2,0.9292166829109192,0.23347683250904083,0.9652000069618225,0.11402688175439835
3,0.9444166421890259,0.18597064912319183,0.9706000089645386,0.09371016174554825
