epoch,accuracy,loss,val_accuracy,val_loss
0,0.8141000270843506,0.5883423686027527,0.9355999827384949,0.21165665984153748
1,0.909766674041748,0.2987963557243347,0.9546999931335449,0.15271171927452087
2,0.9299333095550537,0.23508942127227783,0.9659000039100647,0.11414409428834915
