epoch,accuracy,loss,val_accuracy,val_loss
0,0.8094333410263062,0.6069849729537964,0.9398999810218811,0.20434638857841492
1,0.909683346748352,0.2991662621498108,0.9557999968528748,0.14710670709609985
