epoch;accuracy;loss;val_accuracy;val_loss
0;0.8166499733924866;0.5819350481033325;0.9053000211715698;0.2687697410583496
