epoch,accuracy,loss,val_accuracy,val_loss
0,0.802383303642273,0.6359893679618835,0.9307000041007996,0.22338709235191345
1,0.9049333333969116,0.31457337737083435,0.949999988079071,0.16700759530067444
