epoch,accuracy,loss,val_accuracy,val_loss
0,0.8123666644096375,0.5985881090164185,0.9351000189781189,0.21717184782028198
1,0.9086333513259888,0.3018098771572113,0.9570000171661377,0.1417904943227768
2,0.9291999936103821,0.2334641069173813,0.9664000272750854,0.10892532765865326
3,0.9448833465576172,0.18367402255535126,0.9733999967575073,0.08704712986946106
4,0.9545833468437195,0.15339983999729156,0.9764000177383423,0.07474222034215927
