epoch,accuracy,loss,val_accuracy,val_loss
0,0.8141666650772095,0.5944251418113708,0.9401999711990356,0.19888368248939514
