epoch,accuracy,loss,val_accuracy,val_loss
0,0.8051166534423828,0.6177555918693542,0.9340999722480774,0.21721357107162476
1,0.9076333045959473,0.30952519178390503,0.9559999704360962,0.15123289823532104
2,0.9281666874885559,0.2408830225467682,0.9646000266075134,0.11590936034917831
3,0.9420999884605408,0.19411540031433105,0.972599983215332,0.09292390942573547
4,0.9520333409309387,0.15888574719429016,0.9753000140190125,0.07589393109083176
