epoch,accuracy,loss,val_accuracy,val_loss
0,0.8028666377067566,0.6306986212730408,0.9284999966621399,0.2376282662153244
1,0.9111666679382324,0.2967129051685333,0.9577000141143799,0.14807412028312683
2,0.9314500093460083,0.2323000431060791,0.9670000076293945,0.10977712273597717
