epoch,accuracy,loss,val_accuracy,val_loss
0,0.8221666812896729,0.5674604177474976,0.9366999864578247,0.2047533541917801
1,0.9077666401863098,0.30075666308403015,0.9510999917984009,0.15754500031471252
2,0.9294499754905701,0.2348087728023529,0.9642000198364258,0.11719413101673126
3,0.9430666565895081,0.18805032968521118,0.9708999991416931,0.09662973880767822
4,0.953499972820282,0.15799987316131592,0.9764999747276306,0.07405222952365875
