epoch;accuracy;loss;val_accuracy;val_loss
0;0.8091833591461182;0.6124609112739563;0.9395999908447266;0.2084866762161255
1;0.9106666445732117;0.2995733320713043;0.9563999772071838;0.14822602272033691
2;0.9296000003814697;0.23559074103832245;0.9631999731063843;0.11740057170391083
