epoch,accuracy,loss,val_accuracy,val_loss
1,0.8123166561126709,0.6007024645805359,0.9405999779701233,0.19936758279800415
