epoch,accuracy,loss,val_accuracy,val_loss
0,0.8009499907493591,0.6343671679496765,0.9398999810218811,0.21393315494060516
