epoch,accuracy,loss,val_accuracy,val_loss
0,0.8073499798774719,0.6140698790550232,0.9394999742507935,0.20060241222381592
1,0.9050833582878113,0.31128421425819397,0.9449999928474426,0.17650693655014038
