epoch,accuracy,loss,val_accuracy,val_loss
0,0.8105999827384949,0.6016685366630554,0.9355000257492065,0.20611225068569183
1,0.9049166440963745,0.31028392910957336,0.9556000232696533,0.150304913520813
2,0.9284666776657104,0.24143461883068085,0.9623000025749207,0.12380334734916687
3,0.9433333277702332,0.19018089771270752,0.9725000262260437,0.0907227098941803
