epoch;accuracy;loss;val_accuracy;val_loss
0;0.816349983215332;0.5901865363121033;0.9381999969482422;0.2016979157924652
1;0.9093999862670898;0.2987055480480194;0.9545999765396118;0.15276885032653809
2;0.9307166934013367;0.23203109204769135;0.9670000076293945;0.1106949970126152
3;0.9467666745185852;0.1813991814851761;0.9695000052452087;0.09861218184232712
