epoch;accuracy;loss;val_accuracy;val_loss
0;0.8056666851043701;0.6177400350570679;0.9320999979972839;0.21877339482307434
1;0.9086166620254517;0.30162692070007324;0.9563000202178955;0.14441505074501038
